﻿<parameters>
  <parameter name="IIS Web Application Name" defaultValue="Default Web Site/" tags="IisApp">
    <parameterEntry kind="ProviderPath" scope="IisApp" match="^H:\\MatildaDashboard\\MatildaAdmin\\MatildaAdmin\\obj\\Debug\\Package\\PackageTmp$" />
    <parameterEntry kind="ProviderPath" scope="setAcl" match="^H:\\MatildaDashboard\\MatildaAdmin\\MatildaAdmin\\obj\\Debug\\Package\\PackageTmp$" />
  </parameter>
  <parameter name="Add write permission to App_Data Folder" description="Add write permission to App_Data folder" defaultValue="{IIS Web Application Name}/App_Data" tags="Hidden">
    <parameterEntry kind="ProviderPath" scope="setAcl" match="^H:\\MatildaDashboard\\MatildaAdmin\\MatildaAdmin\\obj\\Debug\\Package\\PackageTmp\\App_Data$" />
  </parameter>
  <parameter name="DefaultConnection-Web.config Connection String" description="DefaultConnection Connection String used in web.config by the application to access the database." defaultValue="Server=appdbinstance.cwuhshyngbgi.us-east-1.rds.amazonaws.com,1433;Initial Catalog=admindb;Integrated Security=False;user=admin;password=adminadmin" tags="SqlConnectionString">
    <parameterEntry kind="XmlFile" scope="H:\\MatildaDashboard\\MatildaAdmin\\MatildaAdmin\\obj\\Debug\\Package\\PackageTmp\\Web\.config$" match="/configuration/connectionStrings/add[@name='DefaultConnection']/@connectionString" />
  </parameter>
</parameters>